W,MFPT (16x16),MFPT (24x24),% Diff
0.01,0.2309095508936929,0.2415271082870636,-4.598145616877875
0.1,0.2319533451605004,0.2422796567142311,-4.4518916278553355
1.0,0.2422271693057157,0.2496531121992763,-3.065693627533705
10.0,0.330025120825905,0.3106986502796093,5.856060441074976
100.0,0.64803184207766,0.5061466467971976,21.894787581048973
1000.0,0.836847199961779,0.6030515310141861,27.93767714802308
10000.0,0.8646386119209402,0.6161202144624458,28.742458876127326
