W,MFPT (32x32),MFPT (40x40),% Diff
0.01,0.2339378625803819,0.2437132712806584,-4.178634699168299
0.1,0.2344739189658922,0.2441724228847623,-4.136282603047584
1.0,0.2397248763466334,0.2486639940375336,-3.7289069983603027
10.0,0.2829832652807474,0.2852845225500181,-0.8132132007833195
100.0,0.4146572408828344,0.3918783219134762,5.493433304302191
1000.0,0.4734711460347749,0.4357084550348082,7.9757111528805105
10000.0,0.4810039200815933,0.4411059876159612,8.29472085359807
