W,MFPT (24x24),MFPT (32x32),% Diff
0.01,0.2415271082870636,0.2339378625803819,3.1421920961607412
0.1,0.2422796567142311,0.2344739189658922,3.2217883474821694
1.0,0.2496531121992763,0.2397248763466334,3.976812371847407
10.0,0.3106986502796093,0.2829832652807474,8.920342902654962
100.0,0.5061466467971976,0.4146572408828344,18.07567164443175
1000.0,0.6030515310141861,0.4734711460347749,21.48744813921431
10000.0,0.6161202144624458,0.4810039200815933,21.930183624755617
