W,MFPT (ext fall),MFPT (ext summer),Difference
0.01,0.2410671954766617,0.2410672140226296,-1.854596790029639e-08
0.1,0.2421883373174169,0.2421883373174169,0.0
1.0,0.2531979500901933,0.2531979500901933,0.0
10.0,0.3450861162612975,0.3450861162612975,0.0
100.0,0.647974909188192,0.647974909188192,0.0
1000.0,0.8287044002611637,0.8287044002611637,0.0
10000.0,0.8552203238103436,0.855252403280212,-3.2079469868384614e-05
