W,MFPT (ext fall),MFPT (ext summer),Difference
0.01,0.2411920547687258,0.241192073529956,-1.8761230208275137e-08
0.1,0.2434394993050722,0.2434395227331567,-2.3428084500176638e-08
1.0,0.2659560272830646,0.2659560272830646,0.0
10.0,0.4695885171628091,0.4695885171628091,0.0
100.0,1.2561097672099966,1.2561097672099966,0.0
1000.0,1.6211452440599126,1.6213683079904735,-0.00022306393056092944
10000.0,1.6323406322614515,1.6325697263144077,-0.00022909405295612473
