W,MFPT (ext fall),MFPT (ext summer),Difference
0.01,0.241004782919829,0.2410048013589124,-1.8439083399046652e-08
0.1,0.241564466300212,0.241564466300212,0.0
1.0,0.2469839194519939,0.2469839194519939,0.0
10.0,0.2877230456863917,0.2877230456863917,0.0
100.0,0.3818135394510411,0.3818135394510411,0.0
1000.0,0.4147680866390518,0.4147703103113837,-2.2236723319357665e-06
10000.0,0.4186555845071701,0.4186555845071701,0.0
